date,timestamp_utc,strategy_version,equity,last_equity,cash,daily_return,cumulative_return,drawdown,gross_exposure,net_exposure,cash_weight,n_positions,max_position_weight,positions_json,benchmark_spy,notes
2026-09-05,2026-09-05T16:39:09.261066+00:00,H1-momentum-126-21-k5-monthly,100000.0,100000.0,100000.0,0.0,0.0,0.0,0.0,0.0,1.0,0,0.0,{},770.18,orders_submitted=0;turnover=0.9902
2026-09-05,2026-09-05T16:39:45.233937+00:00,H1-momentum-126-21-k5-monthly,100000.0,100000.0,100000.0,0.0,0.0,0.0,0.0,0.0,1.0,0,0.0,{},770.18,orders_submitted=5;turnover=0.9902
2026-09-09,2026-09-09T15:16:12.292662+00:00,H1-momentum-126-21-k5-monthly,99401.38,99830.79,616.28,-0.00430138,-0.0059862,-0.0059862,0.993772,0.993772,0.006228,5,0.204445,"{""IWM"": 67.0, ""QQQ"": 27.0, ""VNQ"": 208.0, ""XLE"": 312.0, ""XLK"": 106.0}",761.74,orders_submitted=6;turnover=0.4269
2026-09-09,2026-09-09T16:48:04.594707+00:00,H1-momentum-126-21-k5-monthly,99460.47,99830.79,11059.66,-0.00370948,-0.0053953,-0.0053953,0.888805,0.888805,0.111195,5,0.199709,"{""IWM"": 56.0, ""QQQ"": 23.0, ""SPY"": 21.0, ""XLE"": 305.0, ""XLK"": 105.0}",762.47,orders_submitted=0;turnover=0.0000
2026-09-09,2026-09-09T16:48:50.333399+00:00,H1-momentum-126-21-k5-monthly,99469.6,99830.79,11059.66,-0.00361802,-0.005304,-0.005304,0.888813,0.888813,0.111187,5,0.199736,"{""IWM"": 56.0, ""QQQ"": 23.0, ""SPY"": 21.0, ""XLE"": 305.0, ""XLK"": 105.0}",762.41,orders_submitted=0;turnover=0.0000
2026-09-09,2026-09-09T17:14:24.000283+00:00,H1-momentum-126-21-k5-monthly,99508.4,99830.79,11059.66,-0.00322936,-0.004916,-0.004916,0.888855,0.888855,0.111145,5,0.199919,"{""IWM"": 56.0, ""QQQ"": 23.0, ""SPY"": 21.0, ""XLE"": 305.0, ""XLK"": 105.0}",763.02,orders_submitted=0;turnover=0.0000
2026-09-09,2026-09-09T17:17:47.499213+00:00,H1-momentum-126-21-k5-monthly,99529.47,99830.79,11059.66,-0.00301831,-0.0047053,-0.0047053,0.888865,0.888865,0.111135,5,0.199999,"{""IWM"": 56.0, ""QQQ"": 23.0, ""SPY"": 21.0, ""XLE"": 305.0, ""XLK"": 105.0}",763.06,orders_submitted=0;turnover=0.0000
2026-09-09,2026-09-09T17:23:45.327322+00:00,H1-momentum-126-21-k5-monthly,99531.66,99830.79,11059.66,-0.00299637,-0.0046834,-0.0046834,0.888883,0.888883,0.111117,5,0.200133,"{""IWM"": 56.0, ""QQQ"": 23.0, ""SPY"": 21.0, ""XLE"": 305.0, ""XLK"": 105.0}",763.05,orders_submitted=1;turnover=0.0007
2026-09-10,2026-09-10T16:00:21.130096+00:00,H1-momentum-126-21-k5-monthly,98867.0,99466.32,11124.36,-0.00602536,-0.01133,-0.01133,0.887421,0.887421,0.112579,5,0.200341,"{""IWM"": 56.0, ""QQQ"": 23.0, ""SPY"": 21.0, ""XLE"": 304.0, ""XLK"": 105.0}",758.64,orders_submitted=3;turnover=0.0055
2026-09-10,2026-09-10T17:45:02.068518+00:00,H1-momentum-126-21-k5-monthly,98806.9,99466.32,10444.27,-0.00662958,-0.011931,-0.011931,0.894283,0.894283,0.105717,6,0.199788,"{""IWM"": 57.0, ""QQQ"": 23.0, ""SPY"": 21.0, ""SPY261002P00720000"": 1.0, ""XLE"": 303.0, ""XLK"": 106.0}",758.45,orders_submitted=0;turnover=0.0000
2026-09-11,2026-09-11T16:00:27.111832+00:00,H1-momentum-126-21-k5-monthly,99380.94,98660.53,10444.22,0.00730191,-0.0061906,-0.0061906,0.894936,0.894936,0.105064,6,0.200724,"{""IWM"": 57.0, ""QQQ"": 23.0, ""SPY"": 21.0, ""SPY261002P00720000"": 1.0, ""XLE"": 303.0, ""XLK"": 106.0}",765.91,orders_submitted=2;turnover=0.0026
2026-09-12,2026-09-12T16:00:26.753564+00:00,H1-momentum-126-21-k5-monthly,99190.09,99189.09,10567.12,1.008e-05,-0.0080991,-0.0080991,0.893466,0.893466,0.106534,6,0.199643,"{""IWM"": 57.0, ""QQQ"": 23.0, ""SPY"": 21.0, ""SPY261002P00720000"": 1.0, ""XLE"": 304.0, ""XLK"": 105.0}",764.22,orders_submitted=0;turnover=0.0000
2026-09-13,2026-09-13T16:00:20.175333+00:00,H1-momentum-126-21-k5-monthly,99190.09,99189.09,10567.12,1.008e-05,-0.0080991,-0.0080991,0.893466,0.893466,0.106534,6,0.199643,"{""IWM"": 57.0, ""QQQ"": 23.0, ""SPY"": 21.0, ""SPY261002P00720000"": 1.0, ""XLE"": 304.0, ""XLK"": 105.0}",764.22,orders_submitted=0;turnover=0.0000
2026-09-14,2026-09-14T16:00:24.504315+00:00,H1-momentum-126-21-k5-monthly,98697.38,99189.09,10567.12,-0.0049573,-0.0130262,-0.0130262,0.892934,0.892934,0.107066,6,0.200424,"{""IWM"": 57.0, ""QQQ"": 23.0, ""SPY"": 21.0, ""SPY261002P00720000"": 1.0, ""XLE"": 304.0, ""XLK"": 105.0}",761.82,orders_submitted=3;turnover=0.0055
2026-09-15,2026-09-15T16:00:25.017308+00:00,H1-momentum-126-21-k5-monthly,98427.06,98415.98,10736.13,0.00011258,-0.0157294,-0.0157294,0.890941,0.890941,0.109059,6,0.202175,"{""IWM"": 56.0, ""QQQ"": 23.0, ""SPY"": 21.0, ""SPY261002P00720000"": 1.0, ""XLE"": 303.0, ""XLK"": 106.0}",757.11,orders_submitted=2;turnover=0.0056
2026-09-16,2026-09-16T16:00:27.964412+00:00,H1-momentum-126-21-k5-monthly,98478.69,98480.44,10714.34,-1.777e-05,-0.0152131,-0.0152131,0.891197,0.891197,0.108803,6,0.199797,"{""IWM"": 57.0, ""QQQ"": 23.0, ""SPY"": 21.0, ""SPY261002P00720000"": 1.0, ""XLE"": 299.0, ""XLK"": 106.0}",760.69,orders_submitted=1;turnover=0.0039
2026-09-17,2026-09-17T16:00:23.012302+00:00,H1-momentum-126-21-k5-monthly,98766.11,97799.2,10327.42,0.00988669,-0.0123389,-0.0123389,0.89544,0.89544,0.10456,6,0.20192,"{""IWM"": 57.0, ""QQQ"": 23.0, ""SPY"": 21.0, ""SPY261002P00720000"": 1.0, ""XLE"": 305.0, ""XLK"": 106.0}",762.56,orders_submitted=3;turnover=0.0111
2026-09-18,2026-09-18T16:00:27.725951+00:00,H1-momentum-126-21-k5-monthly,98609.99,98792.61,11040.12,-0.00184852,-0.0139001,-0.0139001,0.888045,0.888045,0.111955,6,0.202101,"{""IWM"": 57.0, ""QQQ"": 22.0, ""SPY"": 21.0, ""SPY261002P00720000"": 1.0, ""XLE"": 308.0, ""XLK"": 105.0}",758.885,orders_submitted=3;turnover=0.0074
2026-09-19,2026-09-19T16:00:24.729051+00:00,H1-momentum-126-21-k5-monthly,98884.85,98881.85,11204.02,3.034e-05,-0.0111515,-0.0111515,0.886696,0.886696,0.113304,6,0.199408,"{""IWM"": 58.0, ""QQQ"": 22.0, ""SPY"": 21.0, ""SPY261002P00720000"": 1.0, ""XLE"": 304.0, ""XLK"": 104.0}",762.63,orders_submitted=1;turnover=0.0019
2026-09-20,2026-09-20T16:00:23.014033+00:00,H1-momentum-126-21-k5-monthly,98884.85,98881.85,11204.02,3.034e-05,-0.0111515,-0.0111515,0.886696,0.886696,0.113304,6,0.199408,"{""IWM"": 58.0, ""QQQ"": 22.0, ""SPY"": 21.0, ""SPY261002P00720000"": 1.0, ""XLE"": 304.0, ""XLK"": 104.0}",762.63,orders_submitted=1;turnover=0.0019
2026-09-21,2026-09-21T16:31:28.211937+00:00,H1-momentum-126-21-k5-monthly,99489.47,98881.85,10822.47,0.00614491,-0.0051053,-0.0051053,0.891204,0.891204,0.108796,6,0.202691,"{""IWM"": 58.0, ""QQQ"": 22.0, ""SPY"": 21.0, ""SPY261002P00720000"": 1.0, ""XLE"": 310.0, ""XLK"": 104.0}",772.1,orders_submitted=6;turnover=0.4581
2026-09-23,2026-09-23T16:00:18.779286+00:00,H1-momentum-126-21-k5-monthly,99329.3,99710.5,10916.42,-0.00382307,-0.006707,-0.006707,0.890093,0.890093,0.109907,5,0.196686,"{""IWM"": 69.0, ""SPY"": 25.0, ""XLE"": 264.0, ""XLK"": 85.0, ""XLV"": 98.0}",768.49,orders_submitted=6;turnover=0.4571
2026-09-25,2026-09-25T16:00:27.028236+00:00,H1-momentum-126-21-k5-monthly,99238.57,99173.47,10974.9,0.00065643,-0.0076143,-0.0076143,0.889403,0.889403,0.110597,5,0.199754,"{""IWM"": 58.0, ""QQQ"": 22.0, ""SPY"": 21.0, ""XLE"": 316.0, ""XLK"": 101.0}",770.04,orders_submitted=6;turnover=0.4575
2026-09-26,2026-09-26T16:48:06.655817+00:00,H1-momentum-126-21-k5-monthly,99359.97,99359.97,10652.03,0.0,-0.0064003,-0.0064003,0.892794,0.892794,0.107206,5,0.19865,"{""IWM"": 70.0, ""QQQ"": 26.0, ""XLE"": 267.0, ""XLF"": 302.0, ""XLK"": 84.0}",771.21,orders_submitted=1;turnover=0.0006
2026-09-28,2026-09-28T04:47:10.209089+00:00,H1-momentum-126-21-k5-monthly,99012.71,99359.97,10652.03,-0.00349497,-0.0098729,-0.0098729,0.892418,0.892418,0.107582,5,0.198343,"{""IWM"": 70.0, ""QQQ"": 26.0, ""XLE"": 267.0, ""XLF"": 302.0, ""XLK"": 84.0}",771.21,orders_submitted=2;turnover=0.0024
2026-09-28,2026-09-28T16:19:45.291811+00:00,H1-momentum-126-21-k5-monthly,98761.14,99359.97,10948.35,-0.00602687,-0.0123886,-0.0123886,0.889139,0.889139,0.110861,5,0.198218,"{""IWM"": 70.0, ""QQQ"": 26.0, ""XLE"": 264.0, ""XLF"": 300.0, ""XLK"": 84.0}",766.34,orders_submitted=1;turnover=0.0011
2026-09-29,2026-09-29T16:00:31.494324+00:00,H1-momentum-126-21-k5-monthly,98335.1,98691.11,10839.63,-0.00360732,-0.016649,-0.016649,0.889789,0.889789,0.110211,5,0.197809,"{""IWM"": 70.0, ""QQQ"": 26.0, ""XLE"": 264.0, ""XLF"": 302.0, ""XLK"": 84.0}",763.23,orders_submitted=2;turnover=0.0023
2026-09-30,2026-09-30T16:00:26.604919+00:00,H1-momentum-126-21-k5-monthly,98791.86,98429.33,10396.77,0.00368315,-0.0120814,-0.0120814,0.894761,0.894761,0.105239,6,0.198021,"{""IWM"": 70.0, ""QQQ"": 26.0, ""SPY261023P00725000"": 1.0, ""XLE"": 266.0, ""XLF"": 304.0, ""XLK"": 84.0}",768.57,orders_submitted=6;turnover=0.4571
2026-10-01,2026-10-01T16:00:29.468060+00:00,H1-momentum-126-21-k5-monthly,98496.05,98264.64,10533.85,0.00235497,-0.0150395,-0.0150395,0.893047,0.893047,0.106953,6,0.201413,"{""IWM"": 58.0, ""QQQ"": 22.0, ""SPY"": 21.0, ""SPY261023P00725000"": 1.0, ""XLE"": 318.0, ""XLK"": 100.0}",760.25,orders_submitted=6;turnover=0.4640
2026-10-02,2026-10-02T16:30:11.213741+00:00,H1-momentum-126-21-k5-monthly,99447.17,98987.31,10281.64,0.00464565,-0.0055283,-0.0055283,0.896612,0.896612,0.103388,6,0.200755,"{""IWM"": 71.0, ""QQQ"": 26.0, ""SPY261023P00725000"": 1.0, ""XLE"": 263.0, ""XLF"": 309.0, ""XLK"": 83.0}",769.1,orders_submitted=4;turnover=0.3967
2026-10-03,2026-10-03T16:16:22.470037+00:00,H1-momentum-126-21-k5-monthly,99489.67,99488.67,11171.61,1.005e-05,-0.0051033,-0.0051033,0.887711,0.887711,0.112289,6,0.19589,"{""QQQ"": 26.0, ""SPY"": 25.0, ""SPY261023P00725000"": 1.0, ""XLE"": 263.0, ""XLF"": 310.0, ""XLK"": 82.0}",769.72,orders_submitted=6;turnover=0.4588
2026-10-04,2026-10-04T16:00:19.305141+00:00,H1-momentum-126-21-k5-monthly,99489.67,99488.67,11171.61,1.005e-05,-0.0051033,-0.0051033,0.887711,0.887711,0.112289,6,0.19589,"{""QQQ"": 26.0, ""SPY"": 25.0, ""SPY261023P00725000"": 1.0, ""XLE"": 263.0, ""XLF"": 310.0, ""XLK"": 82.0}",769.72,orders_submitted=0;turnover=0.0000
2026-10-05,2026-10-05T16:00:24.397710+00:00,H1-momentum-126-21-k5-monthly,99867.14,99488.67,10721.03,0.00380415,-0.0013286,-0.0013286,0.892629,0.892629,0.107371,6,0.200251,"{""IWM"": 58.0, ""QQQ"": 22.0, ""SPY"": 21.0, ""SPY261023P00725000"": 1.0, ""XLF"": 372.0, ""XLK"": 99.0}",773.22,orders_submitted=6;turnover=0.4595
2026-10-06,2026-10-06T16:00:17.619868+00:00,H1-momentum-126-21-k5-monthly,100643.76,100011.88,11228.3,0.00631805,0.0064376,0.0,0.888448,0.888448,0.111552,6,0.196811,"{""QQQ"": 26.0, ""SPY"": 25.0, ""SPY261023P00725000"": 1.0, ""XLE"": 261.0, ""XLF"": 309.0, ""XLK"": 82.0}",781.115,orders_submitted=3;turnover=0.3942
2026-10-07,2026-10-07T16:03:13.109724+00:00,H1-momentum-126-21-k5-monthly,99623.99,100337.63,10612.74,-0.00711239,-0.0037601,-0.01013247,0.893472,0.893472,0.106528,6,0.197883,"{""IWM"": 71.0, ""QQQ"": 26.0, ""SPY261023P00725000"": 1.0, ""XLE"": 262.0, ""XLF"": 309.0, ""XLK"": 82.0}",776.12,orders_submitted=6;turnover=0.4692
2026-10-09,2026-10-09T16:14:55.446936+00:00,H1-momentum-126-21-k5-monthly,100014.39,99734.37,11231.21,0.00280766,0.0001439,-0.00625344,0.887725,0.887725,0.112275,6,0.206075,"{""IWM"": 59.0, ""QQQ"": 21.0, ""SPY"": 21.0, ""SPY261023P00725000"": 1.0, ""XLE"": 315.0, ""XLK"": 99.0}",777.565,orders_submitted=3;turnover=0.0160
