timestamp_utc,trade_date,strategy_version,symbol,side,qty,order_type,time_in_force,reference_price,filled_avg_price,filled_qty,slippage_bps,notional,current_weight,target_weight,weight_delta,reason,order_id,client_order_id,status,account_equity,dry_run
2026-09-05T16:39:08.993916+00:00,2026-09-05,H1-momentum-126-21-k5-monthly,IWM,buy,67,market,day,295.86,,0.0,,19822.62,0.0,0.2,0.2,increase to target,,,DRY_RUN,100000.0,True
2026-09-05T16:39:08.994917+00:00,2026-09-05,H1-momentum-126-21-k5-monthly,QQQ,buy,27,market,day,717.91,,0.0,,19383.57,0.0,0.2,0.2,increase to target,,,DRY_RUN,100000.0,True
2026-09-05T16:39:08.996918+00:00,2026-09-05,H1-momentum-126-21-k5-monthly,VNQ,buy,208,market,day,96.01,,0.0,,19970.08,0.0,0.2,0.2,increase to target,,,DRY_RUN,100000.0,True
2026-09-05T16:39:08.999026+00:00,2026-09-05,H1-momentum-126-21-k5-monthly,XLE,buy,312,market,day,64.07,,0.0,,19989.84,0.0,0.2,0.2,increase to target,,,DRY_RUN,100000.0,True
2026-09-05T16:39:09.000024+00:00,2026-09-05,H1-momentum-126-21-k5-monthly,XLK,buy,106,market,day,187.3,,0.0,,19853.8,0.0,0.2,0.2,increase to target,,,DRY_RUN,100000.0,True
2026-09-05T16:39:43.699870+00:00,2026-09-05,H1-momentum-126-21-k5-monthly,IWM,buy,67,market,day,295.86,,0.0,,19822.62,0.0,0.2,0.2,increase to target,823d710d-9ba1-44fa-aa4f-1089d5900d47,H1-momentum-126-21-k-IWM-20260905163943,accepted,100000.0,False
2026-09-05T16:39:44.019487+00:00,2026-09-05,H1-momentum-126-21-k5-monthly,QQQ,buy,27,market,day,717.91,,0.0,,19383.57,0.0,0.2,0.2,increase to target,226b82c9-468e-453e-b743-93c3d109030e,H1-momentum-126-21-k-QQQ-20260905163943,accepted,100000.0,False
2026-09-05T16:39:44.343177+00:00,2026-09-05,H1-momentum-126-21-k5-monthly,VNQ,buy,208,market,day,96.01,,0.0,,19970.08,0.0,0.2,0.2,increase to target,69e16c58-17e4-43c1-9bd7-6b40ff969747,H1-momentum-126-21-k-VNQ-20260905163943,accepted,100000.0,False
2026-09-05T16:39:44.661464+00:00,2026-09-05,H1-momentum-126-21-k5-monthly,XLE,buy,312,market,day,64.07,,0.0,,19989.84,0.0,0.2,0.2,increase to target,415ca59d-4bf5-4521-bc64-d0f8e966ab1b,H1-momentum-126-21-k-XLE-20260905163943,accepted,100000.0,False
2026-09-05T16:39:44.976493+00:00,2026-09-05,H1-momentum-126-21-k5-monthly,XLK,buy,106,market,day,187.3,,0.0,,19853.8,0.0,0.2,0.2,increase to target,43de9805-a148-44c4-b21e-70e52586570f,H1-momentum-126-21-k-XLK-20260905163943,accepted,100000.0,False
2026-09-09T15:15:54.440631+00:00,2026-09-05,H1-momentum-126-21-k5-monthly,IWM,buy,67,market,day,295.86,294.39,67.0,-49.686,19822.62,0.0,0.2,0.2,increase to target [fill update],823d710d-9ba1-44fa-aa4f-1089d5900d47,H1-momentum-126-21-k-IWM-20260905163943,filled,100000.0,False
2026-09-09T15:15:54.703375+00:00,2026-09-05,H1-momentum-126-21-k5-monthly,QQQ,buy,27,market,day,717.91,719.712963,27.0,25.114,19383.57,0.0,0.2,0.2,increase to target [fill update],226b82c9-468e-453e-b743-93c3d109030e,H1-momentum-126-21-k-QQQ-20260905163943,filled,100000.0,False
2026-09-09T15:15:55.011525+00:00,2026-09-05,H1-momentum-126-21-k5-monthly,VNQ,buy,208,market,day,96.01,95.945914,208.0,-6.675,19970.08,0.0,0.2,0.2,increase to target [fill update],69e16c58-17e4-43c1-9bd7-6b40ff969747,H1-momentum-126-21-k-VNQ-20260905163943,filled,100000.0,False
2026-09-09T15:15:55.291477+00:00,2026-09-05,H1-momentum-126-21-k5-monthly,XLE,buy,312,market,day,64.07,64.928269,312.0,133.958,19989.84,0.0,0.2,0.2,increase to target [fill update],415ca59d-4bf5-4521-bc64-d0f8e966ab1b,H1-momentum-126-21-k-XLE-20260905163943,filled,100000.0,False
2026-09-09T15:15:55.648001+00:00,2026-09-05,H1-momentum-126-21-k5-monthly,XLK,buy,106,market,day,187.3,188.801509,106.0,80.166,19853.8,0.0,0.2,0.2,increase to target [fill update],43de9805-a148-44c4-b21e-70e52586570f,H1-momentum-126-21-k-XLK-20260905163943,filled,100000.0,False
2026-09-09T15:16:10.379512+00:00,2026-09-09,H1-momentum-126-21-k5-monthly,IWM,sell,11,market,day,291.27,,0.0,,3203.97,0.196326,0.166667,-0.029659,reduce to target,b256de02-9a97-4cf2-a184-9f978f5a3d4b,H1-momentum-126-21-k-IWM-20260909151610,pending_new,99401.38,False
2026-09-09T15:16:10.683315+00:00,2026-09-09,H1-momentum-126-21-k5-monthly,QQQ,sell,4,market,day,715.145,,0.0,,2860.58,0.194252,0.166667,-0.027585,reduce to target,96590586-8d6d-462b-a11c-f32aab8d0098,H1-momentum-126-21-k-QQQ-20260909151610,pending_new,99401.38,False
2026-09-09T15:16:10.961754+00:00,2026-09-09,H1-momentum-126-21-k5-monthly,VNQ,sell,208,market,day,94.86,,0.0,,19730.88,0.198497,0.0,-0.198497,reduce to target,835c1c51-d769-4051-b62e-63e4da84d1c0,H1-momentum-126-21-k-VNQ-20260909151610,pending_new,99401.38,False
2026-09-09T15:16:11.239485+00:00,2026-09-09,H1-momentum-126-21-k5-monthly,XLE,sell,7,market,day,65.13,,0.0,,455.91,0.204429,0.2,-0.004429,reduce to target,bc045b73-2780-437b-978f-690bcaf5dbe0,H1-momentum-126-21-k-XLE-20260909151610,pending_new,99401.38,False
2026-09-09T15:16:11.648099+00:00,2026-09-09,H1-momentum-126-21-k5-monthly,XLK,sell,1,market,day,187.6,,0.0,,187.6,0.200054,0.2,-5.4e-05,reduce to target,229681da-68a8-44ca-b847-f5f019d02175,H1-momentum-126-21-k-XLK-20260909151610,pending_new,99401.38,False
2026-09-09T15:16:11.979003+00:00,2026-09-09,H1-momentum-126-21-k5-monthly,SPY,buy,21,market,day,761.74,,0.0,,15996.54,0.0,0.166667,0.166667,increase to target,9e57250a-d6a1-4eeb-9937-aea757264c2c,H1-momentum-126-21-k-SPY-20260909151610,pending_new,99401.38,False
2026-09-09T16:47:04.565759+00:00,2026-09-05,H1-momentum-126-21-k5-monthly,IWM,buy,67,market,day,295.86,294.39,67.0,-49.686,19822.62,0.0,0.2,0.2,increase to target [fill update],823d710d-9ba1-44fa-aa4f-1089d5900d47,H1-momentum-126-21-k-IWM-20260905163943,filled,100000.0,False
2026-09-09T16:47:04.875502+00:00,2026-09-05,H1-momentum-126-21-k5-monthly,QQQ,buy,27,market,day,717.91,719.712963,27.0,25.114,19383.57,0.0,0.2,0.2,increase to target [fill update],226b82c9-468e-453e-b743-93c3d109030e,H1-momentum-126-21-k-QQQ-20260905163943,filled,100000.0,False
2026-09-09T16:47:05.185999+00:00,2026-09-05,H1-momentum-126-21-k5-monthly,VNQ,buy,208,market,day,96.01,95.945914,208.0,-6.675,19970.08,0.0,0.2,0.2,increase to target [fill update],69e16c58-17e4-43c1-9bd7-6b40ff969747,H1-momentum-126-21-k-VNQ-20260905163943,filled,100000.0,False
2026-09-09T16:47:05.496462+00:00,2026-09-05,H1-momentum-126-21-k5-monthly,XLE,buy,312,market,day,64.07,64.928269,312.0,133.958,19989.84,0.0,0.2,0.2,increase to target [fill update],415ca59d-4bf5-4521-bc64-d0f8e966ab1b,H1-momentum-126-21-k-XLE-20260905163943,filled,100000.0,False
2026-09-09T16:47:05.855859+00:00,2026-09-05,H1-momentum-126-21-k5-monthly,XLK,buy,106,market,day,187.3,188.801509,106.0,80.166,19853.8,0.0,0.2,0.2,increase to target [fill update],43de9805-a148-44c4-b21e-70e52586570f,H1-momentum-126-21-k-XLK-20260905163943,filled,100000.0,False
2026-09-09T16:47:06.214024+00:00,2026-09-09,H1-momentum-126-21-k5-monthly,IWM,sell,11,market,day,291.27,291.32,11.0,-1.717,3203.97,0.196326,0.166667,-0.029659,reduce to target [fill update],b256de02-9a97-4cf2-a184-9f978f5a3d4b,H1-momentum-126-21-k-IWM-20260909151610,filled,99401.38,False
2026-09-09T16:47:06.521101+00:00,2026-09-09,H1-momentum-126-21-k5-monthly,QQQ,sell,4,market,day,715.145,715.16,4.0,-0.21,2860.58,0.194252,0.166667,-0.027585,reduce to target [fill update],96590586-8d6d-462b-a11c-f32aab8d0098,H1-momentum-126-21-k-QQQ-20260909151610,filled,99401.38,False
2026-09-09T16:47:06.829570+00:00,2026-09-09,H1-momentum-126-21-k5-monthly,VNQ,sell,208,market,day,94.86,94.854567,208.0,0.573,19730.88,0.198497,0.0,-0.198497,reduce to target [fill update],835c1c51-d769-4051-b62e-63e4da84d1c0,H1-momentum-126-21-k-VNQ-20260909151610,filled,99401.38,False
2026-09-09T16:47:07.138730+00:00,2026-09-09,H1-momentum-126-21-k5-monthly,XLE,sell,7,market,day,65.13,65.14,7.0,-1.535,455.91,0.204429,0.2,-0.004429,reduce to target [fill update],bc045b73-2780-437b-978f-690bcaf5dbe0,H1-momentum-126-21-k-XLE-20260909151610,filled,99401.38,False
2026-09-09T16:47:07.445952+00:00,2026-09-09,H1-momentum-126-21-k5-monthly,XLK,sell,1,market,day,187.6,187.53,1.0,3.731,187.6,0.200054,0.2,-5.4e-05,reduce to target [fill update],229681da-68a8-44ca-b847-f5f019d02175,H1-momentum-126-21-k-XLK-20260909151610,filled,99401.38,False
2026-09-09T16:47:07.755268+00:00,2026-09-09,H1-momentum-126-21-k5-monthly,SPY,buy,21,market,day,761.74,761.668571,21.0,-0.938,15996.54,0.0,0.166667,0.166667,increase to target [fill update],9e57250a-d6a1-4eeb-9937-aea757264c2c,H1-momentum-126-21-k-SPY-20260909151610,filled,99401.38,False
2026-09-09T16:47:51.961988+00:00,2026-09-05,H1-momentum-126-21-k5-monthly,IWM,buy,67,market,day,295.86,294.39,67.0,-49.686,19822.62,0.0,0.2,0.2,increase to target [fill update],823d710d-9ba1-44fa-aa4f-1089d5900d47,H1-momentum-126-21-k-IWM-20260905163943,filled,100000.0,False
2026-09-09T16:47:52.302750+00:00,2026-09-05,H1-momentum-126-21-k5-monthly,QQQ,buy,27,market,day,717.91,719.712963,27.0,25.114,19383.57,0.0,0.2,0.2,increase to target [fill update],226b82c9-468e-453e-b743-93c3d109030e,H1-momentum-126-21-k-QQQ-20260905163943,filled,100000.0,False
2026-09-09T16:47:52.573470+00:00,2026-09-05,H1-momentum-126-21-k5-monthly,VNQ,buy,208,market,day,96.01,95.945914,208.0,-6.675,19970.08,0.0,0.2,0.2,increase to target [fill update],69e16c58-17e4-43c1-9bd7-6b40ff969747,H1-momentum-126-21-k-VNQ-20260905163943,filled,100000.0,False
2026-09-09T16:47:52.847749+00:00,2026-09-05,H1-momentum-126-21-k5-monthly,XLE,buy,312,market,day,64.07,64.928269,312.0,133.958,19989.84,0.0,0.2,0.2,increase to target [fill update],415ca59d-4bf5-4521-bc64-d0f8e966ab1b,H1-momentum-126-21-k-XLE-20260905163943,filled,100000.0,False
2026-09-09T16:47:53.119094+00:00,2026-09-05,H1-momentum-126-21-k5-monthly,XLK,buy,106,market,day,187.3,188.801509,106.0,80.166,19853.8,0.0,0.2,0.2,increase to target [fill update],43de9805-a148-44c4-b21e-70e52586570f,H1-momentum-126-21-k-XLK-20260905163943,filled,100000.0,False
2026-09-09T16:47:53.395606+00:00,2026-09-09,H1-momentum-126-21-k5-monthly,IWM,sell,11,market,day,291.27,291.32,11.0,-1.717,3203.97,0.196326,0.166667,-0.029659,reduce to target [fill update],b256de02-9a97-4cf2-a184-9f978f5a3d4b,H1-momentum-126-21-k-IWM-20260909151610,filled,99401.38,False
2026-09-09T16:47:53.668360+00:00,2026-09-09,H1-momentum-126-21-k5-monthly,QQQ,sell,4,market,day,715.145,715.16,4.0,-0.21,2860.58,0.194252,0.166667,-0.027585,reduce to target [fill update],96590586-8d6d-462b-a11c-f32aab8d0098,H1-momentum-126-21-k-QQQ-20260909151610,filled,99401.38,False
2026-09-09T16:47:54.028856+00:00,2026-09-09,H1-momentum-126-21-k5-monthly,VNQ,sell,208,market,day,94.86,94.854567,208.0,0.573,19730.88,0.198497,0.0,-0.198497,reduce to target [fill update],835c1c51-d769-4051-b62e-63e4da84d1c0,H1-momentum-126-21-k-VNQ-20260909151610,filled,99401.38,False
2026-09-09T16:47:54.301374+00:00,2026-09-09,H1-momentum-126-21-k5-monthly,XLE,sell,7,market,day,65.13,65.14,7.0,-1.535,455.91,0.204429,0.2,-0.004429,reduce to target [fill update],bc045b73-2780-437b-978f-690bcaf5dbe0,H1-momentum-126-21-k-XLE-20260909151610,filled,99401.38,False
2026-09-09T16:47:54.571930+00:00,2026-09-09,H1-momentum-126-21-k5-monthly,XLK,sell,1,market,day,187.6,187.53,1.0,3.731,187.6,0.200054,0.2,-5.4e-05,reduce to target [fill update],229681da-68a8-44ca-b847-f5f019d02175,H1-momentum-126-21-k-XLK-20260909151610,filled,99401.38,False
2026-09-09T16:47:54.844724+00:00,2026-09-09,H1-momentum-126-21-k5-monthly,SPY,buy,21,market,day,761.74,761.668571,21.0,-0.938,15996.54,0.0,0.166667,0.166667,increase to target [fill update],9e57250a-d6a1-4eeb-9937-aea757264c2c,H1-momentum-126-21-k-SPY-20260909151610,filled,99401.38,False
2026-09-09T16:48:38.458702+00:00,2026-09-05,H1-momentum-126-21-k5-monthly,IWM,buy,67,market,day,295.86,294.39,67.0,-49.686,19822.62,0.0,0.2,0.2,increase to target [fill update],823d710d-9ba1-44fa-aa4f-1089d5900d47,H1-momentum-126-21-k-IWM-20260905163943,filled,100000.0,False
2026-09-09T16:48:38.737621+00:00,2026-09-05,H1-momentum-126-21-k5-monthly,QQQ,buy,27,market,day,717.91,719.712963,27.0,25.114,19383.57,0.0,0.2,0.2,increase to target [fill update],226b82c9-468e-453e-b743-93c3d109030e,H1-momentum-126-21-k-QQQ-20260905163943,filled,100000.0,False
2026-09-09T16:48:39.010086+00:00,2026-09-05,H1-momentum-126-21-k5-monthly,VNQ,buy,208,market,day,96.01,95.945914,208.0,-6.675,19970.08,0.0,0.2,0.2,increase to target [fill update],69e16c58-17e4-43c1-9bd7-6b40ff969747,H1-momentum-126-21-k-VNQ-20260905163943,filled,100000.0,False
2026-09-09T16:48:39.282459+00:00,2026-09-05,H1-momentum-126-21-k5-monthly,XLE,buy,312,market,day,64.07,64.928269,312.0,133.958,19989.84,0.0,0.2,0.2,increase to target [fill update],415ca59d-4bf5-4521-bc64-d0f8e966ab1b,H1-momentum-126-21-k-XLE-20260905163943,filled,100000.0,False
2026-09-09T16:48:39.551902+00:00,2026-09-05,H1-momentum-126-21-k5-monthly,XLK,buy,106,market,day,187.3,188.801509,106.0,80.166,19853.8,0.0,0.2,0.2,increase to target [fill update],43de9805-a148-44c4-b21e-70e52586570f,H1-momentum-126-21-k-XLK-20260905163943,filled,100000.0,False
2026-09-09T16:48:39.820132+00:00,2026-09-09,H1-momentum-126-21-k5-monthly,IWM,sell,11,market,day,291.27,291.32,11.0,-1.717,3203.97,0.196326,0.166667,-0.029659,reduce to target [fill update],b256de02-9a97-4cf2-a184-9f978f5a3d4b,H1-momentum-126-21-k-IWM-20260909151610,filled,99401.38,False
2026-09-09T16:48:40.098726+00:00,2026-09-09,H1-momentum-126-21-k5-monthly,QQQ,sell,4,market,day,715.145,715.16,4.0,-0.21,2860.58,0.194252,0.166667,-0.027585,reduce to target [fill update],96590586-8d6d-462b-a11c-f32aab8d0098,H1-momentum-126-21-k-QQQ-20260909151610,filled,99401.38,False
2026-09-09T16:48:40.369572+00:00,2026-09-09,H1-momentum-126-21-k5-monthly,VNQ,sell,208,market,day,94.86,94.854567,208.0,0.573,19730.88,0.198497,0.0,-0.198497,reduce to target [fill update],835c1c51-d769-4051-b62e-63e4da84d1c0,H1-momentum-126-21-k-VNQ-20260909151610,filled,99401.38,False
2026-09-09T16:48:40.639474+00:00,2026-09-09,H1-momentum-126-21-k5-monthly,XLE,sell,7,market,day,65.13,65.14,7.0,-1.535,455.91,0.204429,0.2,-0.004429,reduce to target [fill update],bc045b73-2780-437b-978f-690bcaf5dbe0,H1-momentum-126-21-k-XLE-20260909151610,filled,99401.38,False
2026-09-09T16:48:40.911756+00:00,2026-09-09,H1-momentum-126-21-k5-monthly,XLK,sell,1,market,day,187.6,187.53,1.0,3.731,187.6,0.200054,0.2,-5.4e-05,reduce to target [fill update],229681da-68a8-44ca-b847-f5f019d02175,H1-momentum-126-21-k-XLK-20260909151610,filled,99401.38,False
2026-09-09T16:48:41.234831+00:00,2026-09-09,H1-momentum-126-21-k5-monthly,SPY,buy,21,market,day,761.74,761.668571,21.0,-0.938,15996.54,0.0,0.166667,0.166667,increase to target [fill update],9e57250a-d6a1-4eeb-9937-aea757264c2c,H1-momentum-126-21-k-SPY-20260909151610,filled,99401.38,False
2026-09-09T17:14:14.490568+00:00,2026-09-05,H1-momentum-126-21-k5-monthly,IWM,buy,67,market,day,295.86,294.39,67.0,-49.686,19822.62,0.0,0.2,0.2,increase to target [fill update],823d710d-9ba1-44fa-aa4f-1089d5900d47,H1-momentum-126-21-k-IWM-20260905163943,filled,100000.0,False
2026-09-09T17:14:14.760028+00:00,2026-09-05,H1-momentum-126-21-k5-monthly,QQQ,buy,27,market,day,717.91,719.712963,27.0,25.114,19383.57,0.0,0.2,0.2,increase to target [fill update],226b82c9-468e-453e-b743-93c3d109030e,H1-momentum-126-21-k-QQQ-20260905163943,filled,100000.0,False
2026-09-09T17:14:15.201371+00:00,2026-09-05,H1-momentum-126-21-k5-monthly,VNQ,buy,208,market,day,96.01,95.945914,208.0,-6.675,19970.08,0.0,0.2,0.2,increase to target [fill update],69e16c58-17e4-43c1-9bd7-6b40ff969747,H1-momentum-126-21-k-VNQ-20260905163943,filled,100000.0,False
2026-09-09T17:14:15.465899+00:00,2026-09-05,H1-momentum-126-21-k5-monthly,XLE,buy,312,market,day,64.07,64.928269,312.0,133.958,19989.84,0.0,0.2,0.2,increase to target [fill update],415ca59d-4bf5-4521-bc64-d0f8e966ab1b,H1-momentum-126-21-k-XLE-20260905163943,filled,100000.0,False
2026-09-09T17:14:15.736364+00:00,2026-09-05,H1-momentum-126-21-k5-monthly,XLK,buy,106,market,day,187.3,188.801509,106.0,80.166,19853.8,0.0,0.2,0.2,increase to target [fill update],43de9805-a148-44c4-b21e-70e52586570f,H1-momentum-126-21-k-XLK-20260905163943,filled,100000.0,False
2026-09-09T17:14:16.001948+00:00,2026-09-09,H1-momentum-126-21-k5-monthly,IWM,sell,11,market,day,291.27,291.32,11.0,-1.717,3203.97,0.196326,0.166667,-0.029659,reduce to target [fill update],b256de02-9a97-4cf2-a184-9f978f5a3d4b,H1-momentum-126-21-k-IWM-20260909151610,filled,99401.38,False
2026-09-09T17:14:16.322141+00:00,2026-09-09,H1-momentum-126-21-k5-monthly,QQQ,sell,4,market,day,715.145,715.16,4.0,-0.21,2860.58,0.194252,0.166667,-0.027585,reduce to target [fill update],96590586-8d6d-462b-a11c-f32aab8d0098,H1-momentum-126-21-k-QQQ-20260909151610,filled,99401.38,False
2026-09-09T17:14:16.648898+00:00,2026-09-09,H1-momentum-126-21-k5-monthly,VNQ,sell,208,market,day,94.86,94.854567,208.0,0.573,19730.88,0.198497,0.0,-0.198497,reduce to target [fill update],835c1c51-d769-4051-b62e-63e4da84d1c0,H1-momentum-126-21-k-VNQ-20260909151610,filled,99401.38,False
2026-09-09T17:14:16.923875+00:00,2026-09-09,H1-momentum-126-21-k5-monthly,XLE,sell,7,market,day,65.13,65.14,7.0,-1.535,455.91,0.204429,0.2,-0.004429,reduce to target [fill update],bc045b73-2780-437b-978f-690bcaf5dbe0,H1-momentum-126-21-k-XLE-20260909151610,filled,99401.38,False
2026-09-09T17:14:17.248293+00:00,2026-09-09,H1-momentum-126-21-k5-monthly,XLK,sell,1,market,day,187.6,187.53,1.0,3.731,187.6,0.200054,0.2,-5.4e-05,reduce to target [fill update],229681da-68a8-44ca-b847-f5f019d02175,H1-momentum-126-21-k-XLK-20260909151610,filled,99401.38,False
2026-09-09T17:14:17.565788+00:00,2026-09-09,H1-momentum-126-21-k5-monthly,SPY,buy,21,market,day,761.74,761.668571,21.0,-0.938,15996.54,0.0,0.166667,0.166667,increase to target [fill update],9e57250a-d6a1-4eeb-9937-aea757264c2c,H1-momentum-126-21-k-SPY-20260909151610,filled,99401.38,False
2026-09-09T17:23:45.046255+00:00,2026-09-09,H1-momentum-126-21-k5-monthly,XLE,sell,1,market,day,65.31,,0.0,,65.31,0.200133,0.2,-0.000133,reduce to target,d94d455f-0021-4d54-b9ae-59bd0868e63f,H1-momentum-126-21-k-XLE-20260909172344,pending_new,99531.66,False
2026-09-10T16:00:06.853387+00:00,2026-09-09,H1-momentum-126-21-k5-monthly,XLE,sell,1,market,day,65.31,65.31,1.0,-0.0,65.31,0.200133,0.2,-0.000133,reduce to target [fill update],d94d455f-0021-4d54-b9ae-59bd0868e63f,H1-momentum-126-21-k-XLE-20260909172344,filled,99531.66,False
2026-09-10T16:00:20.185335+00:00,2026-09-10,H1-momentum-126-21-k5-monthly,XLE,sell,1,market,day,65.16,,0.0,,65.16,0.200356,0.2,-0.000356,reduce to target,3845f7ea-17d8-47fd-bc11-ab8e20b579c7,H1-momentum-126-21-k-XLE-20260910160019,pending_new,98867.0,False
2026-09-10T16:00:20.484826+00:00,2026-09-10,H1-momentum-126-21-k5-monthly,IWM,buy,1,market,day,288.29,,0.0,,288.29,0.163293,0.166667,0.003374,increase to target,37c03392-41c6-4718-8909-5021a250fc7f,H1-momentum-126-21-k-IWM-20260910160019,pending_new,98867.0,False
2026-09-10T16:00:20.837243+00:00,2026-09-10,H1-momentum-126-21-k5-monthly,XLK,buy,1,market,day,185.93,,0.0,,185.93,0.197464,0.2,0.002536,increase to target,3dac54de-df14-4e94-a9ab-614486470784,H1-momentum-126-21-k-XLK-20260910160019,pending_new,98867.0,False
2026-09-10T17:44:48.399455+00:00,2026-09-10,H1-momentum-126-21-k5-monthly,XLE,sell,1,market,day,65.16,65.15,1.0,1.535,65.16,0.200356,0.2,-0.000356,reduce to target [fill update],3845f7ea-17d8-47fd-bc11-ab8e20b579c7,H1-momentum-126-21-k-XLE-20260910160019,filled,98867.0,False
2026-09-10T17:44:48.686227+00:00,2026-09-10,H1-momentum-126-21-k5-monthly,IWM,buy,1,market,day,288.29,288.3,1.0,0.347,288.29,0.163293,0.166667,0.003374,increase to target [fill update],37c03392-41c6-4718-8909-5021a250fc7f,H1-momentum-126-21-k-IWM-20260910160019,filled,98867.0,False
2026-09-10T17:44:48.970970+00:00,2026-09-10,H1-momentum-126-21-k5-monthly,XLK,buy,1,market,day,185.93,185.91,1.0,-1.076,185.93,0.197464,0.2,0.002536,increase to target [fill update],3dac54de-df14-4e94-a9ab-614486470784,H1-momentum-126-21-k-XLK-20260910160019,filled,98867.0,False
2026-09-11T16:00:26.505224+00:00,2026-09-11,H1-momentum-126-21-k5-monthly,XLK,sell,1,market,day,188.185,,0.0,,188.19,0.200719,0.2,-0.000719,reduce to target,fcb4483f-01be-4356-9424-b4ec9109f8de,H1-momentum-126-21-k-XLK-20260911160026,pending_new,99380.94,False
2026-09-11T16:00:26.820679+00:00,2026-09-11,H1-momentum-126-21-k5-monthly,XLE,buy,1,market,day,65.24,,0.0,,65.24,0.198909,0.2,0.001091,increase to target,9a61f6d2-6bbe-464e-970a-474e679595b8,H1-momentum-126-21-k-XLE-20260911160026,pending_new,99380.94,False
2026-09-12T16:00:11.833214+00:00,2026-09-11,H1-momentum-126-21-k5-monthly,XLK,sell,1,market,day,188.185,188.18,1.0,0.266,188.19,0.200719,0.2,-0.000719,reduce to target [fill update],fcb4483f-01be-4356-9424-b4ec9109f8de,H1-momentum-126-21-k-XLK-20260911160026,filled,99380.94,False
2026-09-12T16:00:12.193212+00:00,2026-09-11,H1-momentum-126-21-k5-monthly,XLE,buy,1,market,day,65.24,65.25,1.0,1.533,65.24,0.198909,0.2,0.001091,increase to target [fill update],9a61f6d2-6bbe-464e-970a-474e679595b8,H1-momentum-126-21-k-XLE-20260911160026,filled,99380.94,False
2026-09-14T16:00:23.539632+00:00,2026-09-14,H1-momentum-126-21-k5-monthly,IWM,sell,1,market,day,288.7,,0.0,,288.7,0.166731,0.166667,-6.4e-05,reduce to target,b8f0efea-d3a0-4503-bfd5-a8d0e8a3df05,H1-momentum-126-21-k-IWM-20260914160023,pending_new,98697.38,False
2026-09-14T16:00:23.831479+00:00,2026-09-14,H1-momentum-126-21-k5-monthly,XLE,sell,1,market,day,65.09,,0.0,,65.09,0.200485,0.2,-0.000485,reduce to target,5a9c942d-17c3-4700-b5c6-1b962671b29b,H1-momentum-126-21-k-XLE-20260914160023,pending_new,98697.38,False
2026-09-14T16:00:24.198654+00:00,2026-09-14,H1-momentum-126-21-k5-monthly,XLK,buy,1,market,day,184.77,,0.0,,184.77,0.196569,0.2,0.003431,increase to target,e079afa4-05bd-46b6-bb0f-f5cf17b5360c,H1-momentum-126-21-k-XLK-20260914160023,pending_new,98697.38,False
2026-09-15T16:00:10.465920+00:00,2026-09-14,H1-momentum-126-21-k5-monthly,IWM,sell,1,market,day,288.7,288.74,1.0,-1.386,288.7,0.166731,0.166667,-6.4e-05,reduce to target [fill update],b8f0efea-d3a0-4503-bfd5-a8d0e8a3df05,H1-momentum-126-21-k-IWM-20260914160023,filled,98697.38,False
2026-09-15T16:00:10.781360+00:00,2026-09-14,H1-momentum-126-21-k5-monthly,XLE,sell,1,market,day,65.09,65.08,1.0,1.536,65.09,0.200485,0.2,-0.000485,reduce to target [fill update],5a9c942d-17c3-4700-b5c6-1b962671b29b,H1-momentum-126-21-k-XLE-20260914160023,filled,98697.38,False
2026-09-15T16:00:11.082910+00:00,2026-09-14,H1-momentum-126-21-k5-monthly,XLK,buy,1,market,day,184.77,184.81,1.0,2.165,184.77,0.196569,0.2,0.003431,increase to target [fill update],e079afa4-05bd-46b6-bb0f-f5cf17b5360c,H1-momentum-126-21-k-XLK-20260914160023,filled,98697.38,False
2026-09-15T16:00:24.361301+00:00,2026-09-15,H1-momentum-126-21-k5-monthly,XLE,sell,4,market,day,65.69,,0.0,,262.76,0.202222,0.2,-0.002222,reduce to target,49c45d0f-8d94-41e4-9f62-caa0e0bd49af,H1-momentum-126-21-k-XLE-20260915160024,pending_new,98427.06,False
2026-09-15T16:00:24.703804+00:00,2026-09-15,H1-momentum-126-21-k5-monthly,IWM,buy,1,market,day,284.555,,0.0,,284.56,0.161897,0.166667,0.004769,increase to target,4b1d12c5-6f6f-4906-9ddd-d9f08c02778e,H1-momentum-126-21-k-IWM-20260915160024,pending_new,98427.06,False
2026-09-16T16:00:11.582190+00:00,2026-09-15,H1-momentum-126-21-k5-monthly,XLE,sell,4,market,day,65.69,65.6875,4.0,0.381,262.76,0.202222,0.2,-0.002222,reduce to target [fill update],49c45d0f-8d94-41e4-9f62-caa0e0bd49af,H1-momentum-126-21-k-XLE-20260915160024,filled,98427.06,False
2026-09-16T16:00:11.874932+00:00,2026-09-15,H1-momentum-126-21-k5-monthly,IWM,buy,1,market,day,284.555,284.54,1.0,-0.527,284.56,0.161897,0.166667,0.004769,increase to target [fill update],4b1d12c5-6f6f-4906-9ddd-d9f08c02778e,H1-momentum-126-21-k-IWM-20260915160024,filled,98427.06,False
2026-09-16T16:00:27.676119+00:00,2026-09-16,H1-momentum-126-21-k5-monthly,XLE,buy,6,market,day,64.46,,0.0,,386.76,0.195713,0.2,0.004287,increase to target,6f4894c2-9ea1-4e86-8bc8-5efc4842d622,H1-momentum-126-21-k-XLE-20260916160027,pending_new,98478.69,False
2026-09-17T16:00:08.024022+00:00,2026-09-16,H1-momentum-126-21-k5-monthly,XLE,buy,6,market,day,64.46,64.486667,6.0,4.137,386.76,0.195713,0.2,0.004287,increase to target [fill update],6f4894c2-9ea1-4e86-8bc8-5efc4842d622,H1-momentum-126-21-k-XLE-20260916160027,filled,98478.69,False
2026-09-17T16:00:22.104067+00:00,2026-09-17,H1-momentum-126-21-k5-monthly,QQQ,sell,1,market,day,716.7,,0.0,,716.7,0.1669,0.166667,-0.000234,reduce to target,6a446c1a-5d1e-4b1b-914d-58031156b0ed,H1-momentum-126-21-k-QQQ-20260917160021,pending_new,98766.11,False
2026-09-17T16:00:22.444547+00:00,2026-09-17,H1-momentum-126-21-k5-monthly,XLK,sell,1,market,day,188.12,,0.0,,188.12,0.201898,0.2,-0.001898,reduce to target,e12d7433-786b-4abc-ada1-97d6af74c123,H1-momentum-126-21-k-XLK-20260917160021,pending_new,98766.11,False
2026-09-17T16:00:22.735083+00:00,2026-09-17,H1-momentum-126-21-k5-monthly,XLE,buy,3,market,day,64.04,,0.0,,192.12,0.197762,0.2,0.002238,increase to target,34b47504-106d-4553-b738-141bf6688081,H1-momentum-126-21-k-XLE-20260917160021,pending_new,98766.11,False
2026-09-18T16:00:11.368600+00:00,2026-09-17,H1-momentum-126-21-k5-monthly,QQQ,sell,1,market,day,716.7,716.69,1.0,0.14,716.7,0.1669,0.166667,-0.000234,reduce to target [fill update],6a446c1a-5d1e-4b1b-914d-58031156b0ed,H1-momentum-126-21-k-QQQ-20260917160021,filled,98766.11,False
2026-09-18T16:00:11.689619+00:00,2026-09-17,H1-momentum-126-21-k5-monthly,XLK,sell,1,market,day,188.12,188.13,1.0,-0.532,188.12,0.201898,0.2,-0.001898,reduce to target [fill update],e12d7433-786b-4abc-ada1-97d6af74c123,H1-momentum-126-21-k-XLK-20260917160021,filled,98766.11,False
2026-09-18T16:00:12.008531+00:00,2026-09-17,H1-momentum-126-21-k5-monthly,XLE,buy,3,market,day,64.04,64.04,3.0,0.0,192.12,0.197762,0.2,0.002238,increase to target [fill update],34b47504-106d-4553-b738-141bf6688081,H1-momentum-126-21-k-XLE-20260917160021,filled,98766.11,False
2026-09-18T16:00:26.860366+00:00,2026-09-18,H1-momentum-126-21-k5-monthly,XLE,sell,4,market,day,64.7,,0.0,,258.8,0.202085,0.2,-0.002085,reduce to target,adb9f49b-451a-4834-886b-495ce37bf530,H1-momentum-126-21-k-XLE-20260918160026,pending_new,98609.99,False
2026-09-18T16:00:27.132687+00:00,2026-09-18,H1-momentum-126-21-k5-monthly,XLK,sell,1,market,day,187.96,,0.0,,187.96,0.20014,0.2,-0.00014,reduce to target,6dd3878c-a5a7-40bb-a8c2-c34fbc623457,H1-momentum-126-21-k-XLK-20260918160026,pending_new,98609.99,False
2026-09-18T16:00:27.445144+00:00,2026-09-18,H1-momentum-126-21-k5-monthly,IWM,buy,1,market,day,282.855,,0.0,,282.86,0.1635,0.166667,0.003167,increase to target,addd5e3e-5906-43b5-9496-532b886de1c6,H1-momentum-126-21-k-IWM-20260918160026,pending_new,98609.99,False
2026-09-19T16:00:08.488068+00:00,2026-09-18,H1-momentum-126-21-k5-monthly,XLE,sell,4,market,day,64.7,64.7,4.0,-0.0,258.8,0.202085,0.2,-0.002085,reduce to target [fill update],adb9f49b-451a-4834-886b-495ce37bf530,H1-momentum-126-21-k-XLE-20260918160026,filled,98609.99,False
2026-09-19T16:00:08.736439+00:00,2026-09-18,H1-momentum-126-21-k5-monthly,XLK,sell,1,market,day,187.96,187.93,1.0,1.596,187.96,0.20014,0.2,-0.00014,reduce to target [fill update],6dd3878c-a5a7-40bb-a8c2-c34fbc623457,H1-momentum-126-21-k-XLK-20260918160026,filled,98609.99,False
2026-09-19T16:00:08.996969+00:00,2026-09-18,H1-momentum-126-21-k5-monthly,IWM,buy,1,market,day,282.855,282.83,1.0,-0.884,282.86,0.1635,0.166667,0.003167,increase to target [fill update],addd5e3e-5906-43b5-9496-532b886de1c6,H1-momentum-126-21-k-IWM-20260918160026,filled,98609.99,False
2026-09-19T16:00:24.473453+00:00,2026-09-19,H1-momentum-126-21-k5-monthly,XLE,buy,3,market,day,64.24,,0.0,,192.72,0.197492,0.2,0.002508,increase to target,6ae9a317-e1e1-4155-88e4-fb7ca9e258d4,H1-momentum-126-21-k-XLE-20260919160024,accepted,98884.85,False
2026-09-20T16:00:22.629049+00:00,2026-09-20,H1-momentum-126-21-k5-monthly,XLE,buy,3,market,day,64.24,,0.0,,192.72,0.197492,0.2,0.002508,increase to target,ab9d585f-2db2-4ca5-9e49-490df7041683,H1-momentum-126-21-k-XLE-20260920160022,accepted,98884.85,False
2026-09-21T16:28:54.582622+00:00,2026-09-19,H1-momentum-126-21-k5-monthly,XLE,buy,3,market,day,64.24,63.6,3.0,-99.626,192.72,0.197492,0.2,0.002508,increase to target [fill update],6ae9a317-e1e1-4155-88e4-fb7ca9e258d4,H1-momentum-126-21-k-XLE-20260919160024,filled,98884.85,False
2026-09-21T16:28:54.832355+00:00,2026-09-20,H1-momentum-126-21-k5-monthly,XLE,buy,3,market,day,64.24,63.583333,3.0,-102.221,192.72,0.197492,0.2,0.002508,increase to target [fill update],ab9d585f-2db2-4ca5-9e49-490df7041683,H1-momentum-126-21-k-XLE-20260920160022,filled,98884.85,False
2026-09-21T16:31:25.997776+00:00,2026-09-21,H1-momentum-126-21-k5-monthly,QQQ,sell,22,market,day,738.985,,0.0,,16257.67,0.163411,0.0,-0.163411,reduce to target,b25b2864-1234-4cf6-ae3c-15c1dc6a8bc1,H1-momentum-126-21-k-QQQ-20260921163124,pending_new,99489.47,False
2026-09-21T16:31:26.256522+00:00,2026-09-21,H1-momentum-126-21-k5-monthly,XLE,sell,46,market,day,62.64,,0.0,,2881.44,0.19518,0.166667,-0.028514,reduce to target,3e1fd987-8e4a-4834-8d9d-74756558ed36,H1-momentum-126-21-k-XLE-20260921163124,pending_new,99489.47,False
2026-09-21T16:31:26.514282+00:00,2026-09-21,H1-momentum-126-21-k5-monthly,XLK,sell,19,market,day,193.89,,0.0,,3683.91,0.20268,0.166667,-0.036014,reduce to target,2a6f65fe-f005-4804-baea-54ffc42ac66a,H1-momentum-126-21-k-XLK-20260921163124,pending_new,99489.47,False
2026-09-21T16:31:27.056808+00:00,2026-09-21,H1-momentum-126-21-k5-monthly,IWM,buy,11,market,day,285.925,,0.0,,3145.18,0.166687,0.2,0.033313,increase to target,a34a867f-6e5c-4b0f-9926-ceb619875bbf,H1-momentum-126-21-k-IWM-20260921163124,pending_new,99489.47,False
2026-09-21T16:31:27.610341+00:00,2026-09-21,H1-momentum-126-21-k5-monthly,SPY,buy,4,market,day,772.1,,0.0,,3088.4,0.162973,0.2,0.037027,increase to target,589f6a13-3596-47da-940d-04338107a2ee,H1-momentum-126-21-k-SPY-20260921163124,pending_new,99489.47,False
2026-09-21T16:31:27.953449+00:00,2026-09-21,H1-momentum-126-21-k5-monthly,XLV,buy,98,market,day,168.58,,0.0,,16520.84,0.0,0.166667,0.166667,increase to target,8006a334-22f2-4aaa-b35a-48de4ce57b58,H1-momentum-126-21-k-XLV-20260921163124,pending_new,99489.47,False
2026-09-22T16:00:25.011857+00:00,2026-09-21,H1-momentum-126-21-k5-monthly,QQQ,sell,22,market,day,738.985,739.0,22.0,-0.203,16257.67,0.163411,0.0,-0.163411,reduce to target [fill update],b25b2864-1234-4cf6-ae3c-15c1dc6a8bc1,H1-momentum-126-21-k-QQQ-20260921163124,filled,99489.47,False
2026-09-22T16:00:25.260796+00:00,2026-09-21,H1-momentum-126-21-k5-monthly,XLE,sell,46,market,day,62.64,62.632174,46.0,1.249,2881.44,0.19518,0.166667,-0.028514,reduce to target [fill update],3e1fd987-8e4a-4834-8d9d-74756558ed36,H1-momentum-126-21-k-XLE-20260921163124,filled,99489.47,False
2026-09-22T16:00:25.510161+00:00,2026-09-21,H1-momentum-126-21-k5-monthly,XLK,sell,19,market,day,193.89,193.93,19.0,-2.063,3683.91,0.20268,0.166667,-0.036014,reduce to target [fill update],2a6f65fe-f005-4804-baea-54ffc42ac66a,H1-momentum-126-21-k-XLK-20260921163124,filled,99489.47,False
2026-09-22T16:00:25.758053+00:00,2026-09-21,H1-momentum-126-21-k5-monthly,IWM,buy,11,market,day,285.925,285.95,11.0,0.874,3145.18,0.166687,0.2,0.033313,increase to target [fill update],a34a867f-6e5c-4b0f-9926-ceb619875bbf,H1-momentum-126-21-k-IWM-20260921163124,filled,99489.47,False
2026-09-22T16:00:26.010259+00:00,2026-09-21,H1-momentum-126-21-k5-monthly,SPY,buy,4,market,day,772.1,772.14,4.0,0.518,3088.4,0.162973,0.2,0.037027,increase to target [fill update],589f6a13-3596-47da-940d-04338107a2ee,H1-momentum-126-21-k-SPY-20260921163124,filled,99489.47,False
2026-09-22T16:00:26.266911+00:00,2026-09-21,H1-momentum-126-21-k5-monthly,XLV,buy,98,market,day,168.58,168.64,98.0,3.559,16520.84,0.0,0.166667,0.166667,increase to target [fill update],8006a334-22f2-4aaa-b35a-48de4ce57b58,H1-momentum-126-21-k-XLV-20260921163124,filled,99489.47,False
2026-09-23T16:00:17.233407+00:00,2026-09-23,H1-momentum-126-21-k5-monthly,IWM,sell,11,market,day,283.11,,0.0,,3114.21,0.196665,0.166667,-0.029998,reduce to target,92204cf7-7634-40db-b9a9-d19591210edb,H1-momentum-126-21-k-IWM-20260923160016,pending_new,99329.3,False
2026-09-23T16:00:17.489925+00:00,2026-09-23,H1-momentum-126-21-k5-monthly,SPY,sell,4,market,day,768.49,,0.0,,3073.96,0.19342,0.166667,-0.026753,reduce to target,4fef0ae7-b9a1-4855-b674-cb6630b2108c,H1-momentum-126-21-k-SPY-20260923160016,pending_new,99329.3,False
2026-09-23T16:00:17.737663+00:00,2026-09-23,H1-momentum-126-21-k5-monthly,XLV,sell,98,market,day,168.78,,0.0,,16540.44,0.166521,0.0,-0.166521,reduce to target,5e7b0055-2cdd-456d-9a7a-a757bca2976b,H1-momentum-126-21-k-XLV-20260923160016,pending_new,99329.3,False
2026-09-23T16:00:17.984872+00:00,2026-09-23,H1-momentum-126-21-k5-monthly,QQQ,buy,22,market,day,740.57,,0.0,,16292.54,0.0,0.166667,0.166667,increase to target,8708fcd9-8cf0-4a39-a808-1378dd8ed1cd,H1-momentum-126-21-k-QQQ-20260923160016,pending_new,99329.3,False
2026-09-23T16:00:18.232546+00:00,2026-09-23,H1-momentum-126-21-k5-monthly,XLE,buy,52,market,day,62.69,,0.0,,3259.88,0.166619,0.2,0.033381,increase to target,7f70a600-4a02-42ab-90a6-0cb236654213,H1-momentum-126-21-k-XLE-20260923160016,pending_new,99329.3,False
2026-09-23T16:00:18.483106+00:00,2026-09-23,H1-momentum-126-21-k5-monthly,XLK,buy,16,market,day,194.88,,0.0,,3118.08,0.166767,0.2,0.033233,increase to target,dbdd5e68-7c96-4a29-8f6b-b5400447f992,H1-momentum-126-21-k-XLK-20260923160016,pending_new,99329.3,False
2026-09-25T16:00:10.182304+00:00,2026-09-23,H1-momentum-126-21-k5-monthly,IWM,sell,11,market,day,283.11,283.119091,11.0,-0.321,3114.21,0.196665,0.166667,-0.029998,reduce to target [fill update],92204cf7-7634-40db-b9a9-d19591210edb,H1-momentum-126-21-k-IWM-20260923160016,filled,99329.3,False
2026-09-25T16:00:10.446135+00:00,2026-09-23,H1-momentum-126-21-k5-monthly,SPY,sell,4,market,day,768.49,768.53,4.0,-0.521,3073.96,0.19342,0.166667,-0.026753,reduce to target [fill update],4fef0ae7-b9a1-4855-b674-cb6630b2108c,H1-momentum-126-21-k-SPY-20260923160016,filled,99329.3,False
2026-09-25T16:00:10.724261+00:00,2026-09-23,H1-momentum-126-21-k5-monthly,XLV,sell,98,market,day,168.78,168.81,98.0,-1.777,16540.44,0.166521,0.0,-0.166521,reduce to target [fill update],5e7b0055-2cdd-456d-9a7a-a757bca2976b,H1-momentum-126-21-k-XLV-20260923160016,filled,99329.3,False
2026-09-25T16:00:11.002409+00:00,2026-09-23,H1-momentum-126-21-k5-monthly,QQQ,buy,22,market,day,740.57,740.695455,22.0,1.694,16292.54,0.0,0.166667,0.166667,increase to target [fill update],8708fcd9-8cf0-4a39-a808-1378dd8ed1cd,H1-momentum-126-21-k-QQQ-20260923160016,filled,99329.3,False
2026-09-25T16:00:11.264114+00:00,2026-09-23,H1-momentum-126-21-k5-monthly,XLE,buy,52,market,day,62.69,62.68,52.0,-1.595,3259.88,0.166619,0.2,0.033381,increase to target [fill update],7f70a600-4a02-42ab-90a6-0cb236654213,H1-momentum-126-21-k-XLE-20260923160016,filled,99329.3,False
2026-09-25T16:00:11.533220+00:00,2026-09-23,H1-momentum-126-21-k5-monthly,XLK,buy,16,market,day,194.88,194.916876,16.0,1.892,3118.08,0.166767,0.2,0.033233,increase to target [fill update],dbdd5e68-7c96-4a29-8f6b-b5400447f992,H1-momentum-126-21-k-XLK-20260923160016,filled,99329.3,False
2026-09-25T16:00:25.393275+00:00,2026-09-25,H1-momentum-126-21-k5-monthly,SPY,sell,21,market,day,770.02,,0.0,,16170.42,0.162945,0.0,-0.162945,reduce to target,ed1d9e09-8ef5-4228-8271-86c871ad49b7,H1-momentum-126-21-k-SPY-20260925160025,pending_new,99238.57,False
2026-09-25T16:00:25.658364+00:00,2026-09-25,H1-momentum-126-21-k5-monthly,XLE,sell,49,market,day,61.93,,0.0,,3034.57,0.1972,0.166667,-0.030534,reduce to target,d2cdc773-3f84-4bcb-806f-d763d381f0a9,H1-momentum-126-21-k-XLE-20260925160025,pending_new,99238.57,False
2026-09-25T16:00:25.921179+00:00,2026-09-25,H1-momentum-126-21-k5-monthly,XLK,sell,17,market,day,196.29,,0.0,,3336.93,0.199774,0.166667,-0.033107,reduce to target,aa1188c7-f417-4a46-98d9-f1204f102e90,H1-momentum-126-21-k-XLK-20260925160025,pending_new,99238.57,False
2026-09-25T16:00:26.199374+00:00,2026-09-25,H1-momentum-126-21-k5-monthly,IWM,buy,12,market,day,282.11,,0.0,,3385.32,0.164879,0.2,0.035121,increase to target,b9724708-7460-447e-b6a4-4b57b07a63b1,H1-momentum-126-21-k-IWM-20260925160025,pending_new,99238.57,False
2026-09-25T16:00:26.509675+00:00,2026-09-25,H1-momentum-126-21-k5-monthly,QQQ,buy,4,market,day,743.58,,0.0,,2974.32,0.164843,0.2,0.035157,increase to target,dda36493-d359-469f-bc85-f8db5f715260,H1-momentum-126-21-k-QQQ-20260925160025,pending_new,99238.57,False
2026-09-25T16:00:26.776700+00:00,2026-09-25,H1-momentum-126-21-k5-monthly,XLF,buy,302,market,day,54.64,,0.0,,16501.28,0.0,0.166667,0.166667,increase to target,9f2e5692-b3d8-48f8-b03b-9fba10a51a69,H1-momentum-126-21-k-XLF-20260925160025,pending_new,99238.57,False
2026-09-26T16:47:27.075039+00:00,2026-09-25,H1-momentum-126-21-k5-monthly,SPY,sell,21,market,day,770.02,770.041905,21.0,-0.284,16170.42,0.162945,0.0,-0.162945,reduce to target [fill update],ed1d9e09-8ef5-4228-8271-86c871ad49b7,H1-momentum-126-21-k-SPY-20260925160025,filled,99238.57,False
2026-09-26T16:47:27.347426+00:00,2026-09-25,H1-momentum-126-21-k5-monthly,XLE,sell,49,market,day,61.93,61.924489,49.0,0.89,3034.57,0.1972,0.166667,-0.030534,reduce to target [fill update],d2cdc773-3f84-4bcb-806f-d763d381f0a9,H1-momentum-126-21-k-XLE-20260925160025,filled,99238.57,False
2026-09-26T16:47:27.629838+00:00,2026-09-25,H1-momentum-126-21-k5-monthly,XLK,sell,17,market,day,196.29,196.33,17.0,-2.038,3336.93,0.199774,0.166667,-0.033107,reduce to target [fill update],aa1188c7-f417-4a46-98d9-f1204f102e90,H1-momentum-126-21-k-XLK-20260925160025,filled,99238.57,False
2026-09-26T16:47:27.907281+00:00,2026-09-25,H1-momentum-126-21-k5-monthly,IWM,buy,12,market,day,282.11,282.2,12.0,3.19,3385.32,0.164879,0.2,0.035121,increase to target [fill update],b9724708-7460-447e-b6a4-4b57b07a63b1,H1-momentum-126-21-k-IWM-20260925160025,filled,99238.57,False
2026-09-26T16:47:28.180214+00:00,2026-09-25,H1-momentum-126-21-k5-monthly,QQQ,buy,4,market,day,743.58,743.74,4.0,2.152,2974.32,0.164843,0.2,0.035157,increase to target [fill update],dda36493-d359-469f-bc85-f8db5f715260,H1-momentum-126-21-k-QQQ-20260925160025,filled,99238.57,False
2026-09-26T16:47:28.461560+00:00,2026-09-25,H1-momentum-126-21-k5-monthly,XLF,buy,302,market,day,54.64,54.65,302.0,1.83,16501.28,0.0,0.166667,0.166667,increase to target [fill update],9f2e5692-b3d8-48f8-b03b-9fba10a51a69,H1-momentum-126-21-k-XLF-20260925160025,filled,99238.57,False
2026-09-26T16:48:06.384579+00:00,2026-09-26,H1-momentum-126-21-k5-monthly,XLE,sell,1,market,day,62.1,,0.0,,62.1,0.166875,0.166667,-0.000208,reduce to target,ee2475d7-e27d-422e-a7b6-5a7dd03c0f45,H1-momentum-126-21-k-XLE-20260926164806,accepted,99359.97,False
2026-09-28T04:47:09.670737+00:00,2026-09-28,H1-momentum-126-21-k5-monthly,XLE,sell,2,market,day,62.1,,0.0,,124.2,0.16746,0.166667,-0.000794,reduce to target,288ae73b-7bf8-4e5e-903a-ac399a37110e,H1-momentum-126-21-k-XLE-20260928044708,accepted,99012.71,False
2026-09-28T04:47:09.955349+00:00,2026-09-28,H1-momentum-126-21-k5-monthly,XLF,sell,2,market,day,54.83,,0.0,,109.66,0.167238,0.166667,-0.000571,reduce to target,85c11b36-9caf-4cf2-8318-b4ca854ba652,H1-momentum-126-21-k-XLF-20260928044708,accepted,99012.71,False
2026-09-28T16:19:19.923959+00:00,2026-09-26,H1-momentum-126-21-k5-monthly,XLE,sell,1,market,day,62.1,62.53,1.0,-69.243,62.1,0.166875,0.166667,-0.000208,reduce to target [fill update],ee2475d7-e27d-422e-a7b6-5a7dd03c0f45,H1-momentum-126-21-k-XLE-20260926164806,filled,99359.97,False
2026-09-28T16:19:20.195573+00:00,2026-09-28,H1-momentum-126-21-k5-monthly,XLE,sell,2,market,day,62.1,62.43,2.0,-53.14,124.2,0.16746,0.166667,-0.000794,reduce to target [fill update],288ae73b-7bf8-4e5e-903a-ac399a37110e,H1-momentum-126-21-k-XLE-20260928044708,filled,99012.71,False
2026-09-28T16:19:20.472318+00:00,2026-09-28,H1-momentum-126-21-k5-monthly,XLF,sell,2,market,day,54.83,54.465,2.0,66.569,109.66,0.167238,0.166667,-0.000571,reduce to target [fill update],85c11b36-9caf-4cf2-8318-b4ca854ba652,H1-momentum-126-21-k-XLF-20260928044708,filled,99012.71,False
2026-09-28T16:19:45.026987+00:00,2026-09-28,H1-momentum-126-21-k5-monthly,XLF,buy,2,market,day,54.355,,0.0,,108.71,0.16511,0.166667,0.001556,increase to target,68c4eb52-d86a-4978-9065-b73813e27c21,H1-momentum-126-21-k-XLF-20260928161944,pending_new,98761.14,False
2026-09-29T16:00:07.003885+00:00,2026-09-28,H1-momentum-126-21-k5-monthly,XLF,buy,2,market,day,54.355,54.36,2.0,0.92,108.71,0.16511,0.166667,0.001556,increase to target [fill update],68c4eb52-d86a-4978-9065-b73813e27c21,H1-momentum-126-21-k-XLF-20260928161944,filled,98761.14,False
2026-09-29T16:00:30.907306+00:00,2026-09-29,H1-momentum-126-21-k5-monthly,XLE,buy,2,market,day,61.61,,0.0,,123.22,0.165404,0.166667,0.001262,increase to target,91c4d9b3-1562-41ed-9425-b96c695c3b65,H1-momentum-126-21-k-XLE-20260929160030,pending_new,98335.1,False
2026-09-29T16:00:31.184797+00:00,2026-09-29,H1-momentum-126-21-k5-monthly,XLF,buy,2,market,day,53.76,,0.0,,107.52,0.165104,0.166667,0.001563,increase to target,5d5cf7eb-7b38-4bc3-a1a8-c740075196cd,H1-momentum-126-21-k-XLF-20260929160030,pending_new,98335.1,False
2026-09-30T16:00:10.925503+00:00,2026-09-29,H1-momentum-126-21-k5-monthly,XLE,buy,2,market,day,61.61,61.63,2.0,3.246,123.22,0.165404,0.166667,0.001262,increase to target [fill update],91c4d9b3-1562-41ed-9425-b96c695c3b65,H1-momentum-126-21-k-XLE-20260929160030,filled,98335.1,False
2026-09-30T16:00:11.198445+00:00,2026-09-29,H1-momentum-126-21-k5-monthly,XLF,buy,2,market,day,53.76,53.77,2.0,1.86,107.52,0.165104,0.166667,0.001563,increase to target [fill update],5d5cf7eb-7b38-4bc3-a1a8-c740075196cd,H1-momentum-126-21-k-XLF-20260929160030,filled,98335.1,False
2026-09-30T16:00:24.995165+00:00,2026-09-30,H1-momentum-126-21-k5-monthly,IWM,sell,12,market,day,279.51,,0.0,,3354.12,0.19805,0.166667,-0.031383,reduce to target,28d0adfc-a2a0-4731-a9ff-9e2114a6fcf5,H1-momentum-126-21-k-IWM-20260930160024,pending_new,98791.86,False
2026-09-30T16:00:25.260063+00:00,2026-09-30,H1-momentum-126-21-k5-monthly,QQQ,sell,4,market,day,744.35,,0.0,,2977.4,0.195898,0.166667,-0.029231,reduce to target,76f813fc-51c2-4469-a22f-6b4afc7e1d9b,H1-momentum-126-21-k-QQQ-20260930160024,pending_new,98791.86,False
2026-09-30T16:00:25.520606+00:00,2026-09-30,H1-momentum-126-21-k5-monthly,XLF,sell,304,market,day,53.685,,0.0,,16320.24,0.165198,0.0,-0.165198,reduce to target,5c3cc4ed-8d12-4d2b-9560-9b78640f3725,H1-momentum-126-21-k-XLF-20260930160024,pending_new,98791.86,False
2026-09-30T16:00:25.822097+00:00,2026-09-30,H1-momentum-126-21-k5-monthly,SPY,buy,21,market,day,768.57,,0.0,,16139.97,0.0,0.166667,0.166667,increase to target,201b5797-48ad-4f60-b845-dfd7212f6a9f,H1-momentum-126-21-k-SPY-20260930160024,pending_new,98791.86,False
2026-09-30T16:00:26.089064+00:00,2026-09-30,H1-momentum-126-21-k5-monthly,XLE,buy,52,market,day,61.94,,0.0,,3220.88,0.166775,0.2,0.033225,increase to target,10a8bc8c-5096-4ec9-ac53-05ce434bc293,H1-momentum-126-21-k-XLE-20260930160024,pending_new,98791.86,False
2026-09-30T16:00:26.354898+00:00,2026-09-30,H1-momentum-126-21-k5-monthly,XLK,buy,16,market,day,196.81,,0.0,,3148.96,0.167342,0.2,0.032658,increase to target,dfa8be84-00fd-4e54-8224-564a0eaf406f,H1-momentum-126-21-k-XLK-20260930160024,pending_new,98791.86,False
2026-10-01T16:00:11.965658+00:00,2026-09-30,H1-momentum-126-21-k5-monthly,IWM,sell,12,market,day,279.51,279.468333,12.0,1.491,3354.12,0.19805,0.166667,-0.031383,reduce to target [fill update],28d0adfc-a2a0-4731-a9ff-9e2114a6fcf5,H1-momentum-126-21-k-IWM-20260930160024,filled,98791.86,False
2026-10-01T16:00:12.263310+00:00,2026-09-30,H1-momentum-126-21-k5-monthly,QQQ,sell,4,market,day,744.35,744.395,4.0,-0.605,2977.4,0.195898,0.166667,-0.029231,reduce to target [fill update],76f813fc-51c2-4469-a22f-6b4afc7e1d9b,H1-momentum-126-21-k-QQQ-20260930160024,filled,98791.86,False
2026-10-01T16:00:12.561333+00:00,2026-09-30,H1-momentum-126-21-k5-monthly,XLF,sell,304,market,day,53.685,53.68,304.0,0.931,16320.24,0.165198,0.0,-0.165198,reduce to target [fill update],5c3cc4ed-8d12-4d2b-9560-9b78640f3725,H1-momentum-126-21-k-XLF-20260930160024,filled,98791.86,False
2026-10-01T16:00:12.851357+00:00,2026-09-30,H1-momentum-126-21-k5-monthly,SPY,buy,21,market,day,768.57,768.66,21.0,1.171,16139.97,0.0,0.166667,0.166667,increase to target [fill update],201b5797-48ad-4f60-b845-dfd7212f6a9f,H1-momentum-126-21-k-SPY-20260930160024,filled,98791.86,False
2026-10-01T16:00:13.137766+00:00,2026-09-30,H1-momentum-126-21-k5-monthly,XLE,buy,52,market,day,61.94,61.95,52.0,1.614,3220.88,0.166775,0.2,0.033225,increase to target [fill update],10a8bc8c-5096-4ec9-ac53-05ce434bc293,H1-momentum-126-21-k-XLE-20260930160024,filled,98791.86,False
2026-10-01T16:00:13.529219+00:00,2026-09-30,H1-momentum-126-21-k5-monthly,XLK,buy,16,market,day,196.81,196.81875,16.0,0.445,3148.96,0.167342,0.2,0.032658,increase to target [fill update],dfa8be84-00fd-4e54-8224-564a0eaf406f,H1-momentum-126-21-k-XLK-20260930160024,filled,98791.86,False
2026-10-01T16:00:27.608916+00:00,2026-10-01,H1-momentum-126-21-k5-monthly,SPY,sell,21,market,day,760.29,,0.0,,15966.09,0.162099,0.0,-0.162099,reduce to target,24386dda-5b85-4a14-bcb1-b679aaab8e22,H1-momentum-126-21-k-SPY-20261001160027,pending_new,98496.05,False
2026-10-01T16:00:27.933075+00:00,2026-10-01,H1-momentum-126-21-k5-monthly,XLE,sell,55,market,day,62.375,,0.0,,3430.62,0.201381,0.166667,-0.034715,reduce to target,9f3fba7d-5b70-4741-a0b8-3e4e3e0311f2,H1-momentum-126-21-k-XLE-20261001160027,pending_new,98496.05,False
2026-10-01T16:00:28.248424+00:00,2026-10-01,H1-momentum-126-21-k5-monthly,XLK,sell,17,market,day,195.94,,0.0,,3330.98,0.198932,0.166667,-0.032265,reduce to target,b910376f-d40b-4163-b929-c4cdf26a9fb7,H1-momentum-126-21-k-XLK-20261001160027,pending_new,98496.05,False
2026-10-01T16:00:28.568902+00:00,2026-10-01,H1-momentum-126-21-k5-monthly,IWM,buy,13,market,day,277.42,,0.0,,3606.46,0.16336,0.2,0.03664,increase to target,e2cf43e3-592c-4ae3-aa7e-b0fd66cbd078,H1-momentum-126-21-k-IWM-20261001160027,pending_new,98496.05,False
2026-10-01T16:00:28.889506+00:00,2026-10-01,H1-momentum-126-21-k5-monthly,QQQ,buy,4,market,day,738.13,,0.0,,2952.52,0.164868,0.2,0.035132,increase to target,90c843bd-3966-4988-9499-a4ddd9fae071,H1-momentum-126-21-k-QQQ-20261001160027,pending_new,98496.05,False
2026-10-01T16:00:29.194697+00:00,2026-10-01,H1-momentum-126-21-k5-monthly,XLF,buy,309,market,day,53.125,,0.0,,16415.62,0.0,0.166667,0.166667,increase to target,8e504077-6413-42fc-a4f5-ba6151d4383e,H1-momentum-126-21-k-XLF-20261001160027,pending_new,98496.05,False
2026-10-02T16:29:54.472622+00:00,2026-10-01,H1-momentum-126-21-k5-monthly,SPY,sell,21,market,day,760.29,760.245714,21.0,0.582,15966.09,0.162099,0.0,-0.162099,reduce to target [fill update],24386dda-5b85-4a14-bcb1-b679aaab8e22,H1-momentum-126-21-k-SPY-20261001160027,filled,98496.05,False
2026-10-02T16:29:54.730900+00:00,2026-10-01,H1-momentum-126-21-k5-monthly,XLE,sell,55,market,day,62.375,62.37,55.0,0.802,3430.62,0.201381,0.166667,-0.034715,reduce to target [fill update],9f3fba7d-5b70-4741-a0b8-3e4e3e0311f2,H1-momentum-126-21-k-XLE-20261001160027,filled,98496.05,False
2026-10-02T16:29:54.986720+00:00,2026-10-01,H1-momentum-126-21-k5-monthly,XLK,sell,17,market,day,195.94,195.92,17.0,1.021,3330.98,0.198932,0.166667,-0.032265,reduce to target [fill update],b910376f-d40b-4163-b929-c4cdf26a9fb7,H1-momentum-126-21-k-XLK-20261001160027,filled,98496.05,False
2026-10-02T16:29:55.254828+00:00,2026-10-01,H1-momentum-126-21-k5-monthly,IWM,buy,13,market,day,277.42,277.48,13.0,2.163,3606.46,0.16336,0.2,0.03664,increase to target [fill update],e2cf43e3-592c-4ae3-aa7e-b0fd66cbd078,H1-momentum-126-21-k-IWM-20261001160027,filled,98496.05,False
2026-10-02T16:29:55.514114+00:00,2026-10-01,H1-momentum-126-21-k5-monthly,QQQ,buy,4,market,day,738.13,737.595,4.0,-7.248,2952.52,0.164868,0.2,0.035132,increase to target [fill update],90c843bd-3966-4988-9499-a4ddd9fae071,H1-momentum-126-21-k-QQQ-20261001160027,filled,98496.05,False
2026-10-02T16:29:55.771501+00:00,2026-10-01,H1-momentum-126-21-k5-monthly,XLF,buy,309,market,day,53.125,53.14,309.0,2.824,16415.62,0.0,0.166667,0.166667,increase to target [fill update],8e504077-6413-42fc-a4f5-ba6151d4383e,H1-momentum-126-21-k-XLF-20261001160027,filled,98496.05,False
2026-10-02T16:30:10.126152+00:00,2026-10-02,H1-momentum-126-21-k5-monthly,IWM,sell,71,market,day,281.25,,0.0,,19968.75,0.200798,0.0,-0.200798,reduce to target,d6ba1fa4-0d92-4797-bf2c-0166d3aa5d0d,H1-momentum-126-21-k-IWM-20261002163009,pending_new,99447.17,False
2026-10-02T16:30:10.388223+00:00,2026-10-02,H1-momentum-126-21-k5-monthly,XLK,sell,1,market,day,200.11,,0.0,,200.11,0.167015,0.166667,-0.000348,reduce to target,4949ae76-ca3c-4548-8ab0-9c49f5670f25,H1-momentum-126-21-k-XLK-20261002163009,pending_new,99447.17,False
2026-10-02T16:30:10.665376+00:00,2026-10-02,H1-momentum-126-21-k5-monthly,SPY,buy,25,market,day,769.04,,0.0,,19226.0,0.0,0.2,0.2,increase to target,40a524e9-6922-4b53-90c6-aa5742da7ee8,H1-momentum-126-21-k-SPY-20261002163009,pending_new,99447.17,False
2026-10-02T16:30:10.931781+00:00,2026-10-02,H1-momentum-126-21-k5-monthly,XLF,buy,1,market,day,53.35,,0.0,,53.35,0.165768,0.166667,0.000899,increase to target,6d780ebe-75a6-429a-8f33-bbf915b7c0a3,H1-momentum-126-21-k-XLF-20261002163009,pending_new,99447.17,False
2026-10-03T16:12:38.893788+00:00,2026-10-02,H1-momentum-126-21-k5-monthly,IWM,sell,71,market,day,281.25,281.28,71.0,-1.067,19968.75,0.200798,0.0,-0.200798,reduce to target [fill update],d6ba1fa4-0d92-4797-bf2c-0166d3aa5d0d,H1-momentum-126-21-k-IWM-20261002163009,filled,99447.17,False
2026-10-03T16:12:39.175765+00:00,2026-10-02,H1-momentum-126-21-k5-monthly,XLK,sell,1,market,day,200.11,200.09,1.0,0.999,200.11,0.167015,0.166667,-0.000348,reduce to target [fill update],4949ae76-ca3c-4548-8ab0-9c49f5670f25,H1-momentum-126-21-k-XLK-20261002163009,filled,99447.17,False
2026-10-03T16:12:39.458417+00:00,2026-10-02,H1-momentum-126-21-k5-monthly,SPY,buy,25,market,day,769.04,769.0888,25.0,0.635,19226.0,0.0,0.2,0.2,increase to target [fill update],40a524e9-6922-4b53-90c6-aa5742da7ee8,H1-momentum-126-21-k-SPY-20261002163009,filled,99447.17,False
2026-10-03T16:12:39.743492+00:00,2026-10-02,H1-momentum-126-21-k5-monthly,XLF,buy,1,market,day,53.35,53.35,1.0,0.0,53.35,0.165768,0.166667,0.000899,increase to target [fill update],6d780ebe-75a6-429a-8f33-bbf915b7c0a3,H1-momentum-126-21-k-XLF-20261002163009,filled,99447.17,False
2026-10-03T16:16:20.728669+00:00,2026-10-03,H1-momentum-126-21-k5-monthly,QQQ,sell,4,market,day,749.2,,0.0,,2996.8,0.195791,0.166667,-0.029125,reduce to target,849a969b-0f81-4421-88a5-f622899793bb,H1-momentum-126-21-k-QQQ-20261003161619,accepted,99489.67,False
2026-10-03T16:16:21.016891+00:00,2026-10-03,H1-momentum-126-21-k5-monthly,SPY,sell,4,market,day,769.72,,0.0,,3078.88,0.193417,0.166667,-0.02675,reduce to target,7fcba09d-d097-4d57-943b-031a8c6483e5,H1-momentum-126-21-k-SPY-20261003161619,accepted,99489.67,False
2026-10-03T16:16:21.301660+00:00,2026-10-03,H1-momentum-126-21-k5-monthly,XLE,sell,263,market,day,62.85,,0.0,,16529.55,0.166143,0.0,-0.166143,reduce to target,715b64b2-23ee-44c6-8955-15e546305102,H1-momentum-126-21-k-XLE-20261003161619,accepted,99489.67,False
2026-10-03T16:16:21.602658+00:00,2026-10-03,H1-momentum-126-21-k5-monthly,IWM,buy,58,market,day,281.58,,0.0,,16331.64,0.0,0.166667,0.166667,increase to target,be353c3a-367b-4e83-a44b-0f0ab8f1c017,H1-momentum-126-21-k-IWM-20261003161619,accepted,99489.67,False
2026-10-03T16:16:21.892125+00:00,2026-10-03,H1-momentum-126-21-k5-monthly,XLF,buy,62,market,day,53.47,,0.0,,3315.14,0.166607,0.2,0.033393,increase to target,c67891cb-b824-49bc-bdba-45b382a6de57,H1-momentum-126-21-k-XLF-20261003161619,accepted,99489.67,False
2026-10-03T16:16:22.189074+00:00,2026-10-03,H1-momentum-126-21-k5-monthly,XLK,buy,17,market,day,199.86,,0.0,,3397.62,0.164726,0.2,0.035274,increase to target,fd63ec3e-6f6c-4812-83d0-f1bf9796afab,H1-momentum-126-21-k-XLK-20261003161619,accepted,99489.67,False
2026-10-05T16:00:05.663466+00:00,2026-10-03,H1-momentum-126-21-k5-monthly,QQQ,sell,4,market,day,749.2,749.985,4.0,-10.478,2996.8,0.195791,0.166667,-0.029125,reduce to target [fill update],849a969b-0f81-4421-88a5-f622899793bb,H1-momentum-126-21-k-QQQ-20261003161619,filled,99489.67,False
2026-10-05T16:00:05.951841+00:00,2026-10-03,H1-momentum-126-21-k5-monthly,SPY,sell,4,market,day,769.72,770.745,4.0,-13.317,3078.88,0.193417,0.166667,-0.02675,reduce to target [fill update],7fcba09d-d097-4d57-943b-031a8c6483e5,H1-momentum-126-21-k-SPY-20261003161619,filled,99489.67,False
2026-10-05T16:00:06.231641+00:00,2026-10-03,H1-momentum-126-21-k5-monthly,XLE,sell,263,market,day,62.85,62.734639,263.0,18.355,16529.55,0.166143,0.0,-0.166143,reduce to target [fill update],715b64b2-23ee-44c6-8955-15e546305102,H1-momentum-126-21-k-XLE-20261003161619,filled,99489.67,False
2026-10-05T16:00:06.489572+00:00,2026-10-03,H1-momentum-126-21-k5-monthly,IWM,buy,58,market,day,281.58,281.190172,58.0,-13.844,16331.64,0.0,0.166667,0.166667,increase to target [fill update],be353c3a-367b-4e83-a44b-0f0ab8f1c017,H1-momentum-126-21-k-IWM-20261003161619,filled,99489.67,False
2026-10-05T16:00:06.746830+00:00,2026-10-03,H1-momentum-126-21-k5-monthly,XLF,buy,62,market,day,53.47,53.52,62.0,9.351,3315.14,0.166607,0.2,0.033393,increase to target [fill update],c67891cb-b824-49bc-bdba-45b382a6de57,H1-momentum-126-21-k-XLF-20261003161619,filled,99489.67,False
2026-10-05T16:00:07.009309+00:00,2026-10-03,H1-momentum-126-21-k5-monthly,XLK,buy,17,market,day,199.86,200.32,17.0,23.016,3397.62,0.164726,0.2,0.035274,increase to target [fill update],fd63ec3e-6f6c-4812-83d0-f1bf9796afab,H1-momentum-126-21-k-XLK-20261003161619,filled,99489.67,False
2026-10-05T16:00:21.678201+00:00,2026-10-05,H1-momentum-126-21-k5-monthly,IWM,sell,58,market,day,282.8,,0.0,,16402.4,0.164242,0.0,-0.164242,reduce to target,554665d3-3500-4ab6-99c4-1d5fd7103680,H1-momentum-126-21-k-IWM-20261005160021,pending_new,99867.14,False
2026-10-05T16:00:23.005967+00:00,2026-10-05,H1-momentum-126-21-k5-monthly,XLF,sell,63,market,day,53.745,,0.0,,3385.93,0.200197,0.166667,-0.033531,reduce to target,3637d3f0-d61f-4f55-a22a-c8cb389d818c,H1-momentum-126-21-k-XLF-20261005160021,pending_new,99867.14,False
2026-10-05T16:00:23.313818+00:00,2026-10-05,H1-momentum-126-21-k5-monthly,XLK,sell,17,market,day,200.61,,0.0,,3410.37,0.198868,0.166667,-0.032201,reduce to target,94091093-9b57-4ff8-9434-0a4708674697,H1-momentum-126-21-k-XLK-20261005160021,pending_new,99867.14,False
2026-10-05T16:00:23.581512+00:00,2026-10-05,H1-momentum-126-21-k5-monthly,QQQ,buy,4,market,day,753.59,,0.0,,3014.36,0.16601,0.2,0.03399,increase to target,f7203754-1a7a-476a-a256-9c4186c8cad7,H1-momentum-126-21-k-QQQ-20261005160021,pending_new,99867.14,False
2026-10-05T16:00:23.866360+00:00,2026-10-05,H1-momentum-126-21-k5-monthly,SPY,buy,4,market,day,773.22,,0.0,,3092.88,0.162592,0.2,0.037408,increase to target,e4d41eaf-002c-4704-9d81-4c4f7723b109,H1-momentum-126-21-k-SPY-20261005160021,pending_new,99867.14,False
2026-10-05T16:00:24.133815+00:00,2026-10-05,H1-momentum-126-21-k5-monthly,XLE,buy,261,market,day,63.54,,0.0,,16583.94,0.0,0.166667,0.166667,increase to target,1b871f3c-9de3-458f-9db3-b940c6e828df,H1-momentum-126-21-k-XLE-20261005160021,pending_new,99867.14,False
2026-10-06T16:00:06.242962+00:00,2026-10-05,H1-momentum-126-21-k5-monthly,IWM,sell,58,market,day,282.8,282.800345,58.0,-0.012,16402.4,0.164242,0.0,-0.164242,reduce to target [fill update],554665d3-3500-4ab6-99c4-1d5fd7103680,H1-momentum-126-21-k-IWM-20261005160021,filled,99867.14,False
2026-10-06T16:00:06.532707+00:00,2026-10-05,H1-momentum-126-21-k5-monthly,XLF,sell,63,market,day,53.745,53.75,63.0,-0.93,3385.93,0.200197,0.166667,-0.033531,reduce to target [fill update],3637d3f0-d61f-4f55-a22a-c8cb389d818c,H1-momentum-126-21-k-XLF-20261005160021,filled,99867.14,False
2026-10-06T16:00:06.804765+00:00,2026-10-05,H1-momentum-126-21-k5-monthly,XLK,sell,17,market,day,200.61,200.56,17.0,2.492,3410.37,0.198868,0.166667,-0.032201,reduce to target [fill update],94091093-9b57-4ff8-9434-0a4708674697,H1-momentum-126-21-k-XLK-20261005160021,filled,99867.14,False
2026-10-06T16:00:07.057565+00:00,2026-10-05,H1-momentum-126-21-k5-monthly,QQQ,buy,4,market,day,753.59,753.58,4.0,-0.133,3014.36,0.16601,0.2,0.03399,increase to target [fill update],f7203754-1a7a-476a-a256-9c4186c8cad7,H1-momentum-126-21-k-QQQ-20261005160021,filled,99867.14,False
2026-10-06T16:00:07.476195+00:00,2026-10-05,H1-momentum-126-21-k5-monthly,SPY,buy,4,market,day,773.22,773.225,4.0,0.065,3092.88,0.162592,0.2,0.037408,increase to target [fill update],e4d41eaf-002c-4704-9d81-4c4f7723b109,H1-momentum-126-21-k-SPY-20261005160021,filled,99867.14,False
2026-10-06T16:00:07.764792+00:00,2026-10-05,H1-momentum-126-21-k5-monthly,XLE,buy,261,market,day,63.54,63.535402,261.0,-0.724,16583.94,0.0,0.166667,0.166667,increase to target [fill update],1b871f3c-9de3-458f-9db3-b940c6e828df,H1-momentum-126-21-k-XLE-20261005160021,filled,99867.14,False
2026-10-06T16:00:16.800684+00:00,2026-10-06,H1-momentum-126-21-k5-monthly,SPY,sell,25,market,day,781.115,,0.0,,19527.88,0.19403,0.0,-0.19403,reduce to target,b3f1d961-d4e3-4368-851f-c9cfece9e441,H1-momentum-126-21-k-SPY-20261006160016,pending_new,100643.76,False
2026-10-06T16:00:17.073788+00:00,2026-10-06,H1-momentum-126-21-k5-monthly,IWM,buy,71,market,day,282.775,,0.0,,20077.02,0.0,0.2,0.2,increase to target,a06499ca-983f-4fa7-bb74-43603b9ca5f4,H1-momentum-126-21-k-IWM-20261006160016,pending_new,100643.76,False
2026-10-06T16:00:17.345554+00:00,2026-10-06,H1-momentum-126-21-k5-monthly,XLE,buy,1,market,day,63.905,,0.0,,63.91,0.165725,0.166667,0.000941,increase to target,1cc9ae08-179b-4763-a73c-e304f3ee424c,H1-momentum-126-21-k-XLE-20261006160016,pending_new,100643.76,False
2026-10-07T16:00:12.423890+00:00,2026-10-06,H1-momentum-126-21-k5-monthly,SPY,sell,25,market,day,781.115,781.13,25.0,-0.192,19527.88,0.19403,0.0,-0.19403,reduce to target [fill update],b3f1d961-d4e3-4368-851f-c9cfece9e441,H1-momentum-126-21-k-SPY-20261006160016,filled,100643.76,False
2026-10-07T16:00:12.701935+00:00,2026-10-06,H1-momentum-126-21-k5-monthly,IWM,buy,71,market,day,282.775,282.809577,71.0,1.223,20077.02,0.0,0.2,0.2,increase to target [fill update],a06499ca-983f-4fa7-bb74-43603b9ca5f4,H1-momentum-126-21-k-IWM-20261006160016,filled,100643.76,False
2026-10-07T16:00:12.960888+00:00,2026-10-06,H1-momentum-126-21-k5-monthly,XLE,buy,1,market,day,63.905,63.91,1.0,0.782,63.91,0.165725,0.166667,0.000941,increase to target [fill update],1cc9ae08-179b-4763-a73c-e304f3ee424c,H1-momentum-126-21-k-XLE-20261006160016,filled,100643.76,False
2026-10-07T16:03:11.579238+00:00,2026-10-07,H1-momentum-126-21-k5-monthly,IWM,sell,12,market,day,277.58,,0.0,,3330.96,0.197826,0.166667,-0.031159,reduce to target,96ac2aa6-be60-43bf-97a8-79e2017dee85,H1-momentum-126-21-k-IWM-20261007160310,pending_new,99623.99,False
2026-10-07T16:03:11.836797+00:00,2026-10-07,H1-momentum-126-21-k5-monthly,QQQ,sell,5,market,day,756.17,,0.0,,3780.85,0.197346,0.166667,-0.03068,reduce to target,1445ec60-41a3-4d38-9a87-507cc33f7d9d,H1-momentum-126-21-k-QQQ-20261007160310,pending_new,99623.99,False
2026-10-07T16:03:12.091367+00:00,2026-10-07,H1-momentum-126-21-k5-monthly,XLF,sell,309,market,day,53.62,,0.0,,16568.58,0.166311,0.0,-0.166311,reduce to target,63854288-e3f3-4c88-9e0e-92ec9c1747cb,H1-momentum-126-21-k-XLF-20261007160310,pending_new,99623.99,False
2026-10-07T16:03:12.345718+00:00,2026-10-07,H1-momentum-126-21-k5-monthly,SPY,buy,21,market,day,776.12,,0.0,,16298.52,0.0,0.166667,0.166667,increase to target,c4d9a288-cc6e-4363-9f64-90f94e1a92f2,H1-momentum-126-21-k-SPY-20261007160310,pending_new,99623.99,False
2026-10-07T16:03:12.600333+00:00,2026-10-07,H1-momentum-126-21-k5-monthly,XLE,buy,53,market,day,63.135,,0.0,,3346.15,0.166038,0.2,0.033962,increase to target,d510c0ff-5438-455b-9319-03f4cfb0839f,H1-momentum-126-21-k-XLE-20261007160310,pending_new,99623.99,False
2026-10-07T16:03:12.860243+00:00,2026-10-07,H1-momentum-126-21-k5-monthly,XLK,buy,17,market,day,200.88,,0.0,,3414.96,0.165343,0.2,0.034657,increase to target,a4a1b0e8-90d8-4f99-9960-99feaf159559,H1-momentum-126-21-k-XLK-20261007160310,pending_new,99623.99,False
